{"Train loss": "UCE", "_timestamp": 1668593948.684366, "_runtime": 101.9308590888977, "_step": 349, "Val loss": 1.833351250928029, "Val accuracy": 0.4000000059604645, "_wandb": {"runtime": 103}}