{"Train loss": "UCE", "_timestamp": 1668592145.225663, "_runtime": 7.644171953201294, "_step": 1, "_wandb": {"runtime": 301}}