{"Train loss": "UCE", "_timestamp": 1668591864.1486278, "_runtime": 9.110168695449829, "_step": 1, "_wandb": {"runtime": 9}}