{"Train loss": "UCE", "_timestamp": 1668601181.0333745, "_runtime": 6.8447465896606445, "_step": 4}