{"Train loss": "UCE", "_timestamp": 1668592454.0577466, "_runtime": 7.534683704376221, "_step": 1}