{"seed": 1, "wb_project": "augment", "train_csv": "/lab/project-1/train_label.csv", "val_csv": "/lab/project-1/val_label.csv", "test_csv": "/lab/project-1/test_label.csv", "ood_regions": "g3", "architecture": "resnet18", "hidden_dims": [64, 64, 64], "dropout": 0.1, "latent_dim": 8, "no_density": false, "density_type": "batched_radial_flow", "n_density": 6, "k_lipschitz": null, "budget_function": "id", "save_dir": "models/resnet18_oodg3_RandAug_ops3_mag3_bins31", "max_epochs": 10, "patience": 5, "batch_size": 64, "lr": 0.0001, "loss": "UCE", "training_mode": "joint", "regr": 0.0001, "augmentation": "RandAug", "params": {"AugMix": {"severity": 1, "mixture_width": 1}, "AutoAug": {"policy": "SVHN"}, "TrivialAug": {"num_mag_bins": 31}, "RandAug": {"num_ops": 3, "magnitude": 3, "num_mag_bins": 31}}, "device": "cuda", "num_classes": 4, "class_encoding": {"comp": 0, "info": 1, "regu": 2, "warn": 3}, "N": [7006, 3918, 21184, 9781], "metrics": {"accuracy_TestID": 0.9706667340223017, "TestID_per_class_scores": {"comp": {"precision": 0.8926096997690531, "recall": 0.9872286079182631, "f1-score": 0.9375379017586416, "support": 783}, "info": {"precision": 0.9789719626168224, "recall": 0.9415730337078652, "f1-score": 0.9599083619702176, "support": 445}, "regu": {"precision": 0.9875500222321032, "recall": 0.9593952483801296, "f1-score": 0.9732690622261174, "support": 2315}, "warn": {"precision": 0.9944700460829493, "recall": 0.9944700460829493, "f1-score": 0.9944700460829493, "support": 1085}, "accuracy": 0.9706136560069144, "macro avg": {"precision": 0.963400432675232, "recall": 0.9706667340223017, "f1-score": 0.9662963430094814, "support": 4628}, "weighted avg": {"precision": 0.9722848357283866, "recall": 0.9706136560069144, "f1-score": 0.9709095240292188, "support": 4628}}, "confidence_aleatoric": 0.998290151195226, "confidence_epistemic": 0.9982962706140347, "brier_score": 0.044765296895550255, "accuracy_Test OOD": 0.7529346694429984, "anomaly_detection_aleatoric_Test OOD": 0.9646597830808628, "anomaly_detection_epistemic_Test OOD": 0.9655216521586155, "accuracy_Combined OOD": 0.7564265537456688, "anomaly_detection_aleatoric_Combined OOD": 0.6943930615590406, "anomaly_detection_epistemic_Combined OOD": 0.6963314113164117}}