{"Train loss": "UCE", "_timestamp": 1668601077.5898526, "_runtime": 64.97137260437012, "_step": 214, "Val loss": 1.833351250928029, "Val accuracy": 0.4000000059604645}