{"Train loss": "UCE", "_timestamp": 1668553239.3359416, "_runtime": 385.3139855861664, "_step": 1399, "Val loss": 1.833351250928029, "Val accuracy": 0.4000000059604645}