{"Train loss": "UCE", "_timestamp": 1668601105.4572613, "_runtime": 8.753846406936646, "_step": 4, "_wandb": {"runtime": 8}}