{"Train loss": "UCE", "_timestamp": 1668529505.082431, "_runtime": 123.6754961013794, "_step": 655}