{"Train loss": "UCE", "_timestamp": 1668601357.6150796, "_runtime": 137.73825454711914, "_step": 349, "Val loss": 1.833351250928029, "Val accuracy": 0.4000000059604645}