{"Train loss": "UCE", "_timestamp": 1668601873.7691123, "_runtime": 56.73139238357544, "_step": 139, "Val loss": 1.833351250928029, "Val accuracy": 0.4000000059604645}