{"Train loss": "UCE", "_timestamp": 1668593641.4134343, "_runtime": 8.057382345199585, "_step": 1}